contact,organizations.name_en
sav.bd@ign.fr,
barpi@developpement-durable.gouv.fr,
INERIS,
bss@brgm.fr,
ades@brgm.fr,
bnvd- contact@ineris.fr,
GEODERIS,
infosol@orleans.inra.fr,
infosol@inra.fr,
kiwi@bruitparif.fr,
infosol@inra.fr,
infosol@orleans.inra.fr,
bdsolu@brgm.fr,
basias@brgm.fr,
Direction de la prévention des pollutions et des risques,
sandre@sandre.eaufrance.fr,
contact.geoservices@ign.fr,
sleblond@mnhn.fr,
ANSES,
contact-pont@valabre.com,
sav.bd@ign.fr,
SSP ministère de l'Agriculture,
SSP minitère de l'Agriculture,
sav.bd@ign.fr,
ANFR,
GIS Sol / RMT,
Non trouvé,
BRGM,
IRSN,
demande@bruitparif.fr,
,
ADEME,
index-matphyto@univ-lyon1.fr,
stations_OSUR@eau-loire-bretagne.fr,
sav.bd@ign.fr,
http://www.statistiques.developpement-durable.gouv.fr/n ous-contacter.html,
Atlasanté,
,
SSP ministère de l'Agriculture,
SSP ministère de l'Agriculture,
SSP ministère de l'Agriculture,
inao-bddc@inao.gouv.fr,
Virginie Schwartz,
Virginie Schwartz,
Virginie Schwartz,
informatique@airparif.fr,
Virginie Schwartz,
Virginie Schwartz,
informatique@airparif.fr,
informatique@airparif.fr,
informatique@airparif.fr,
ANSES,
support-sales at soda-is dot com,
informatique@airparif.fr,
informatique@airparif.fr,
informatique@airparif.fr,
informatique@airparif.fr,
informatique@airparif.fr,
informatique@airparif.fr,
dse-infosan2@santepubliquefrance.fr,
SDES,
informatique@airparif.fr,
IRSN,
informatique@airparif.fr,
BRGM,
infosol@orleans.inra.fr,
ANDRA,
INERIS,
sav.bd@ign.fr,
informatique@airparif.fr,
informatique@airparif.fr,
informatique@airparif.fr,
informatique@airparif.fr,
informatique@airparif.fr,
Acoucité,
Acoucité,
IRSN,
Virginie Schwartz,
INPN,
stephane.sauvage@mines-douai.fr,
contact.geoservices@ign.fr,
http://www.orhane.fr/contact.php,
Acoucité,
SSP ministère de l'Agriculture,
MTES,
Steve Darry -Cerema,
,
,
,
sandre@sandre.eaufrance.fr,
rnsa@rnsa.fr,
prevair@ineris.fr,
SSP ministère de l'Agriculture,
MTES,
Ifremer,
Agreste,
adl.dreal-pdl@developpement-durable.gouv.fr,
georisques@developpement-durable.gouv.fr,
ASP,
stations_OSUR@eau-loire-bretagne.fr,
Nicolas Saby  infosol@orleans.inra.fr,
ONF,
demande@bruitparif.fr,
ADEME,
,
INERIS,
DGS,
,
IRSN,
SSP ministère de l'Agriculture,
SSP ministère de l'Agriculture,
,
sandre@sandre.eaufrance.fr,
ZoneVuln@oieau.fr,
ZoneVuln@oieau.fr,
