contact,organizations
sav.bd@ign.fr, IGN
barpi@developpement-durable.gouv.fr, BARPI / DGPR / MTES
bss@brgm.fr, BRGM
ades@brgm.fr, BRGM
bdsolu@brgm.fr, BRGM
basias@brgm.fr, BRGM
bnvd-contact@ineris.fr, INERIS
infosol@orleans.inra.fr, INRAE
infosol@inra.fr,INRAE
kiwi@bruitparif.fr,Bruitparif
sandre@sandre.eaufrance.fr,"[{""name_en"":""BRGM"",""name_fr"":""BRGM"",""id"":""618828fd32132fc0e1c3b65b""}]"
contact.geoservices@ign.fr,"[{""name_en"":""OIEau"",""name_fr"":""OIEau"",""id"":""618828fd32132fc0e1c3b66d""}]"
sleblond@mnhn.fr,"[{""name_en"":""UMS 2006 Patrimoine Naturel"",""name_fr"":""UMS 2006 Patrimoine Naturel"",""id"":""618828fd32132fc0e1c3b674""}]"
ANSES,"[{""name_en"":""ANSES"",""name_fr"":""ANSES"",""id"":""618828fd32132fc0e1c3b659""},{""name_en"":""INERIS"",""name_fr"":""INERIS"",""id"":""618828fd32132fc0e1c3b654""},{""name_en"":""ATMO France"",""name_fr"":""ATMO France"",""id"":""618828fd32132fc0e1c3b650""}]"
contact-pont@valabre.com,"[{""name_en"":""Entente Valabre"",""name_fr"":""Entente Valabre"",""id"":""618828fd32132fc0e1c3b65e""}]"
sav.bd@ign.fr,"[{""name_en"":""IGN"",""name_fr"":""IGN"",""id"":""618828fd32132fc0e1c3b664""}]"
SSP ministère de l'Agriculture,"[{""name_en"":""SSP  /  Ministère de l'Agriculture et de l’Alimentation"",""name_fr"":""SSP  /  Ministère de l'Agriculture et de l’Alimentation"",""id"":""618828fd32132fc0e1c3b673""}]"
SSP minitère de l'Agriculture,"[{""name_en"":""SSP  /  Ministère de l'Agriculture et de l’Alimentation"",""name_fr"":""SSP  /  Ministère de l'Agriculture et de l’Alimentation"",""id"":""618828fd32132fc0e1c3b673""}]"
sav.bd@ign.fr,"[{""name_en"":""IGN"",""name_fr"":""IGN"",""id"":""618828fd32132fc0e1c3b664""}]"
ANFR,"[{""name_en"":""ANFR"",""name_fr"":""ANFR"",""id"":""618828fd32132fc0e1c3b658""}]"
GIS Sol / RMT,"[{""name_en"":""IGN"",""name_fr"":""IGN"",""id"":""618828fd32132fc0e1c3b664""}]"
Non trouvé,"[{""name_en"":""Cerema"",""name_fr"":""Cerema"",""id"":""618828fe32132fc0e1c3b675""}]"
BRGM,"[{""name_en"":""BRGM"",""name_fr"":""BRGM"",""id"":""618828fd32132fc0e1c3b65b""}]"
IRSN,"[{""name_en"":""IRSN"",""name_fr"":""IRSN"",""id"":""618828fd32132fc0e1c3b666""},{""name_en"":""ASN"",""name_fr"":""ASN"",""id"":""618828fd32132fc0e1c3b662""}]"
demande@bruitparif.fr,"[{""name_en"":""Bruitparif"",""name_fr"":""Bruitparif"",""id"":""618828fd32132fc0e1c3b65c""}]"
,"[{""name_en"":""Direction générale des douanes et droits indirects"",""name_fr"":""Direction générale des douanes et droits indirects"",""id"":""618828fd32132fc0e1c3b65d""}]"
ADEME,"[{""name_en"":""ADEME"",""name_fr"":""ADEME"",""id"":""618828fd32132fc0e1c3b652""}]"
index-matphyto@univ-lyon1.fr,"[{""name_en"":""DGAL"",""name_fr"":""DGAL"",""id"":""618828fd32132fc0e1c3b653""}]"
stations_OSUR@eau-loire-bretagne.fr,"[{""name_en"":""Agence de l'eau Loire-Bretagne"",""name_fr"":""Agence de l'eau Loire-Bretagne"",""id"":""618828fd32132fc0e1c3b655""}]"
sav.bd@ign.fr,"[{""name_en"":""IGN"",""name_fr"":""IGN"",""id"":""618828fd32132fc0e1c3b664""}]"
http://www.statistiques.developpement-durable.gouv.fr/n ous-contacter.html,"[{""name_en"":""SDES / MTES"",""name_fr"":""SDES / MTES"",""id"":""618828fd32132fc0e1c3b66a""}]"
Atlasanté,[]
,"[{""name_en"":""Sante publique France"",""name_fr"":""Sante publique France"",""id"":""618828fd32132fc0e1c3b672""}]"
SSP ministère de l'Agriculture,"[{""name_en"":""SSP  /  Ministère de l'Agriculture et de l’Alimentation"",""name_fr"":""SSP  /  Ministère de l'Agriculture et de l’Alimentation"",""id"":""618828fd32132fc0e1c3b673""}]"
SSP ministère de l'Agriculture,"[{""name_en"":""SSP  /  Ministère de l'Agriculture et de l’Alimentation"",""name_fr"":""SSP  /  Ministère de l'Agriculture et de l’Alimentation"",""id"":""618828fd32132fc0e1c3b673""}]"
SSP ministère de l'Agriculture,"[{""name_en"":""SSP  /  Ministère de l'Agriculture et de l’Alimentation"",""name_fr"":""SSP  /  Ministère de l'Agriculture et de l’Alimentation"",""id"":""618828fd32132fc0e1c3b673""}]"
inao-bddc@inao.gouv.fr,"[{""name_en"":""IGN"",""name_fr"":""IGN"",""id"":""618828fd32132fc0e1c3b664""}]"
Virginie Schwartz,"[{""name_en"":""Météo France"",""name_fr"":""Météo France"",""id"":""618828fd32132fc0e1c3b667""}]"
Virginie Schwartz,"[{""name_en"":""Météo France"",""name_fr"":""Météo France"",""id"":""618828fd32132fc0e1c3b667""}]"
Virginie Schwartz,"[{""name_en"":""Météo France"",""name_fr"":""Météo France"",""id"":""618828fd32132fc0e1c3b667""}]"
informatique@airparif.fr,"[{""name_en"":""Airparif"",""name_fr"":""Airparif"",""id"":""618828fd32132fc0e1c3b656""}]"
Virginie Schwartz,"[{""name_en"":""Météo France"",""name_fr"":""Météo France"",""id"":""618828fd32132fc0e1c3b667""}]"
Virginie Schwartz,"[{""name_en"":""Météo France"",""name_fr"":""Météo France"",""id"":""618828fd32132fc0e1c3b667""}]"
informatique@airparif.fr,"[{""name_en"":""Airparif"",""name_fr"":""Airparif"",""id"":""618828fd32132fc0e1c3b656""}]"
informatique@airparif.fr,"[{""name_en"":""Airparif"",""name_fr"":""Airparif"",""id"":""618828fd32132fc0e1c3b656""}]"
informatique@airparif.fr,"[{""name_en"":""Airparif"",""name_fr"":""Airparif"",""id"":""618828fd32132fc0e1c3b656""}]"
ANSES,"[{""name_en"":""ANSES"",""name_fr"":""ANSES"",""id"":""618828fd32132fc0e1c3b659""}]"
support-sales at soda-is dot com,"[{""name_en"":""Public Health Executive Agency"",""name_fr"":""Public Health Executive Agency"",""id"":""618828fd32132fc0e1c3b670""}]"
informatique@airparif.fr,"[{""name_en"":""Airparif"",""name_fr"":""Airparif"",""id"":""618828fd32132fc0e1c3b656""}]"
informatique@airparif.fr,"[{""name_en"":""Airparif"",""name_fr"":""Airparif"",""id"":""618828fd32132fc0e1c3b656""}]"
informatique@airparif.fr,"[{""name_en"":""Airparif"",""name_fr"":""Airparif"",""id"":""618828fd32132fc0e1c3b656""}]"
informatique@airparif.fr,"[{""name_en"":""Airparif"",""name_fr"":""Airparif"",""id"":""618828fd32132fc0e1c3b656""}]"
informatique@airparif.fr,"[{""name_en"":""Airparif"",""name_fr"":""Airparif"",""id"":""618828fd32132fc0e1c3b656""}]"
informatique@airparif.fr,"[{""name_en"":""Airparif"",""name_fr"":""Airparif"",""id"":""618828fd32132fc0e1c3b656""}]"
dse-infosan2@santepubliquefrance.fr,"[{""name_en"":""Sante publique France"",""name_fr"":""Sante publique France"",""id"":""618828fd32132fc0e1c3b672""}]"
SDES,"[{""name_en"":""CGDD / MTES"",""name_fr"":""CGDD / MTES"",""id"":""618828fe32132fc0e1c3b679""},{""name_en"":""SDES / MTES"",""name_fr"":""SDES / MTES"",""id"":""618828fd32132fc0e1c3b66a""},{""name_en"":""DGFIP"",""name_fr"":""DGFIP"",""id"":""618828fd32132fc0e1c3b66c""}]"
informatique@airparif.fr,"[{""name_en"":""Airparif"",""name_fr"":""Airparif"",""id"":""618828fd32132fc0e1c3b656""}]"
IRSN,"[{""name_en"":""IRSN"",""name_fr"":""IRSN"",""id"":""618828fd32132fc0e1c3b666""}]"
informatique@airparif.fr,"[{""name_en"":""Airparif"",""name_fr"":""Airparif"",""id"":""618828fd32132fc0e1c3b656""}]"
BRGM,"[{""name_en"":""BRGM"",""name_fr"":""BRGM"",""id"":""618828fd32132fc0e1c3b65b""}]"
infosol@orleans.inra.fr,"[{""name_en"":""INRAE"",""name_fr"":""INRAE"",""id"":""618828fd32132fc0e1c3b661""}]"
ANDRA,"[{""name_en"":""ANDRA"",""name_fr"":""ANDRA"",""id"":""618828fd32132fc0e1c3b657""}]"
INERIS,"[{""name_en"":""INERIS"",""name_fr"":""INERIS"",""id"":""618828fd32132fc0e1c3b654""}]"
sav.bd@ign.fr,"[{""name_en"":""IGN"",""name_fr"":""IGN"",""id"":""618828fd32132fc0e1c3b664""}]"
informatique@airparif.fr,"[{""name_en"":""Airparif"",""name_fr"":""Airparif"",""id"":""618828fd32132fc0e1c3b656""}]"
informatique@airparif.fr,"[{""name_en"":""Airparif"",""name_fr"":""Airparif"",""id"":""618828fd32132fc0e1c3b656""}]"
informatique@airparif.fr,"[{""name_en"":""Airparif"",""name_fr"":""Airparif"",""id"":""618828fd32132fc0e1c3b656""}]"
informatique@airparif.fr,"[{""name_en"":""Airparif"",""name_fr"":""Airparif"",""id"":""618828fd32132fc0e1c3b656""}]"
informatique@airparif.fr,"[{""name_en"":""Airparif"",""name_fr"":""Airparif"",""id"":""618828fd32132fc0e1c3b656""}]"
Acoucité,"[{""name_en"":""Acoucité"",""name_fr"":""Acoucité"",""id"":""618828fd32132fc0e1c3b64f""}]"
Acoucité,"[{""name_en"":""Acoucité"",""name_fr"":""Acoucité"",""id"":""618828fd32132fc0e1c3b64f""}]"
IRSN,"[{""name_en"":""IRSN"",""name_fr"":""IRSN"",""id"":""618828fd32132fc0e1c3b666""}]"
Virginie Schwartz,"[{""name_en"":""Météo France"",""name_fr"":""Météo France"",""id"":""618828fd32132fc0e1c3b667""}]"
INPN,"[{""name_en"":""MTES"",""name_fr"":""MTES"",""id"":""618828fd32132fc0e1c3b668""}]"
stephane.sauvage@mines-douai.fr,"[{""name_en"":""IMT Nord Europe"",""name_fr"":""IMT Nord Europe"",""id"":""618828fd32132fc0e1c3b665""}]"
contact.geoservices@ign.fr,"[{""name_en"":""IGN"",""name_fr"":""IGN"",""id"":""618828fd32132fc0e1c3b664""}]"
http://www.orhane.fr/contact.php,"[{""name_en"":""Cerema"",""name_fr"":""Cerema"",""id"":""618828fe32132fc0e1c3b675""}]"
Acoucité,"[{""name_en"":""Acoucité"",""name_fr"":""Acoucité"",""id"":""618828fd32132fc0e1c3b64f""},{""name_en"":""ATMO France"",""name_fr"":""ATMO France"",""id"":""618828fd32132fc0e1c3b650""}]"
SSP ministère de l'Agriculture,"[{""name_en"":""SSP  /  Ministère de l'Agriculture et de l’Alimentation"",""name_fr"":""SSP  /  Ministère de l'Agriculture et de l’Alimentation"",""id"":""618828fd32132fc0e1c3b673""}]"
MTES,"[{""name_en"":""MTES"",""name_fr"":""MTES"",""id"":""618828fd32132fc0e1c3b668""}]"
Steve Darry -Cerema,"[{""name_en"":""Cerema"",""name_fr"":""Cerema"",""id"":""618828fe32132fc0e1c3b675""}]"
,"[{""name_en"":""IGN"",""name_fr"":""IGN"",""id"":""618828fd32132fc0e1c3b664""}]"
,"[{""name_en"":""MTES"",""name_fr"":""MTES"",""id"":""618828fd32132fc0e1c3b668""}]"
,"[{""name_en"":""IGN"",""name_fr"":""IGN"",""id"":""618828fd32132fc0e1c3b664""}]"
sandre@sandre.eaufrance.fr,"[{""name_en"":""BRGM"",""name_fr"":""BRGM"",""id"":""618828fd32132fc0e1c3b65b""}]"
rnsa@rnsa.fr,"[{""name_en"":""RNSA"",""name_fr"":""RNSA"",""id"":""618828fd32132fc0e1c3b671""}]"
prevair@ineris.fr,"[{""name_en"":""INERIS"",""name_fr"":""INERIS"",""id"":""618828fd32132fc0e1c3b654""}]"
SSP ministère de l'Agriculture,"[{""name_en"":""SSP  /  Ministère de l'Agriculture et de l’Alimentation"",""name_fr"":""SSP  /  Ministère de l'Agriculture et de l’Alimentation"",""id"":""618828fd32132fc0e1c3b673""}]"
MTES,"[{""name_en"":""MTES"",""name_fr"":""MTES"",""id"":""618828fd32132fc0e1c3b668""}]"
Ifremer,"[{""name_en"":""IFREMER"",""name_fr"":""IFREMER"",""id"":""618828fd32132fc0e1c3b663""}]"
Agreste,"[{""name_en"":""SSP  /  Ministère de l'Agriculture et de l’Alimentation"",""name_fr"":""SSP  /  Ministère de l'Agriculture et de l’Alimentation"",""id"":""618828fd32132fc0e1c3b673""}]"
adl.dreal-pdl@developpement-durable.gouv.fr,"[{""name_en"":""Agence de l'eau Loire-Bretagne"",""name_fr"":""Agence de l'eau Loire-Bretagne"",""id"":""618828fd32132fc0e1c3b655""}]"
georisques@developpement-durable.gouv.fr,"[{""name_en"":""MTES"",""name_fr"":""MTES"",""id"":""618828fd32132fc0e1c3b668""}]"
ASP,"[{""name_en"":""ASP"",""name_fr"":""ASP"",""id"":""618828fd32132fc0e1c3b65a""},{""name_en"":""IGN"",""name_fr"":""IGN"",""id"":""618828fd32132fc0e1c3b664""}]"
stations_OSUR@eau-loire-bretagne.fr,"[{""name_en"":""Agence de l'eau Loire-Bretagne"",""name_fr"":""Agence de l'eau Loire-Bretagne"",""id"":""618828fd32132fc0e1c3b655""}]"
Nicolas Saby  infosol@orleans.inra.fr,"[{""name_en"":""GIS SOL"",""name_fr"":""GIS SOL"",""id"":""618828fd32132fc0e1c3b65f""}]"
ONF,"[{""name_en"":""ONF"",""name_fr"":""ONF"",""id"":""618828fd32132fc0e1c3b66f""}]"
demande@bruitparif.fr,"[{""name_en"":""Bruitparif"",""name_fr"":""Bruitparif"",""id"":""618828fd32132fc0e1c3b65c""}]"
ADEME,"[{""name_en"":""ADEME"",""name_fr"":""ADEME"",""id"":""618828fd32132fc0e1c3b652""}]"
,"[{""name_en"":""SISE Eau"",""name_fr"":""SISE Eau"",""id"":""618828fe32132fc0e1c3b676""}]"
INERIS,"[{""name_en"":""INERIS"",""name_fr"":""INERIS"",""id"":""618828fd32132fc0e1c3b654""}]"
DGS,"[{""name_en"":""DGS / Ministère de la Santé et des Solidarités"",""name_fr"":""DGS / Ministère de la Santé et des Solidarités"",""id"":""618828fd32132fc0e1c3b669""}]"
,"[{""name_en"":""OIEau"",""name_fr"":""OIEau"",""id"":""618828fd32132fc0e1c3b66d""},{""name_en"":""AFB"",""name_fr"":""AFB"",""id"":""618828fd32132fc0e1c3b66e""}]"
IRSN,"[{""name_en"":""IRSN"",""name_fr"":""IRSN"",""id"":""618828fd32132fc0e1c3b666""}]"
SSP ministère de l'Agriculture,"[{""name_en"":""SSP  /  Ministère de l'Agriculture et de l’Alimentation"",""name_fr"":""SSP  /  Ministère de l'Agriculture et de l’Alimentation"",""id"":""618828fd32132fc0e1c3b673""}]"
SSP ministère de l'Agriculture,"[{""name_en"":""SSP  /  Ministère de l'Agriculture et de l’Alimentation"",""name_fr"":""SSP  /  Ministère de l'Agriculture et de l’Alimentation"",""id"":""618828fd32132fc0e1c3b673""}]"
,"[{""name_en"":""INERIS"",""name_fr"":""INERIS"",""id"":""618828fd32132fc0e1c3b654""}]"
sandre@sandre.eaufrance.fr,"[{""name_en"":""OIEau"",""name_fr"":""OIEau"",""id"":""618828fd32132fc0e1c3b66d""}]"
ZoneVuln@oieau.fr,"[{""name_en"":""OIEau"",""name_fr"":""OIEau"",""id"":""618828fd32132fc0e1c3b66d""}]"
ZoneVuln@oieau.fr,"[{""name_en"":""OIEau"",""name_fr"":""OIEau"",""id"":""618828fd32132fc0e1c3b66d""}]"
